{
  "Hit@3 (row-level)": {
    "ft": 0.9944938820912125,
    "base": 0.9728726362625139,
    "delta": 0.02162124582869862
  },
  "P@10": {
    "ft_mean": 0.5616328548475378,
    "ft_CI": [
      0.5527902585765488,
      0.5708916543072549
    ],
    "base_mean": 0.435734149054505,
    "base_CI": [
      0.42162700619736215,
      0.4496598734043116
    ],
    "delta": 0.12589870579303275
  },
  "R@10": {
    "ft_mean": 0.5582869855394883,
    "ft_CI": [
      0.548940489432703,
      0.5677447163515017
    ],
    "base_mean": 0.3462736373748609,
    "base_CI": [
      0.33670745272525027,
      0.35561735261401556
    ],
    "delta": 0.2120133481646274
  },
  "F1@10": {
    "ft_mean": 0.5597120964967763,
    "ft_CI": [
      0.550973292669721,
      0.5687718774501195
    ],
    "base_mean": 0.3777512602107009,
    "base_CI": [
      0.3676883090433449,
      0.3880004453512148
    ],
    "delta": 0.18196083628607546
  },
  "Jaccard@10": {
    "ft_mean": 0.4018771526947106,
    "ft_CI": [
      0.392566066139197,
      0.41060685402919805
    ],
    "base_mean": 0.24475617054617801,
    "base_CI": [
      0.23635575777946408,
      0.25281606671505086
    ],
    "delta": 0.15712098214853257
  },
  "Cosine": {
    "ft_mean": 0.7516994165784873,
    "ft_CI": [
      0.7430004662868639,
      0.7606919749718842
    ],
    "base_mean": 0.501541446036443,
    "base_CI": [
      0.48686717324494433,
      0.5167331201552331
    ],
    "delta": 0.25015797054204425
  },
  "JSD (lower better)": {
    "ft_mean": 0.42031567640173045,
    "ft_CI": [
      0.41410282627984185,
      0.426570997562743
    ],
    "base_mean": 0.6285115719166577,
    "base_CI": [
      0.6189048403025653,
      0.6380081163371278
    ],
    "delta": -0.2081958955149273
  },
  "Spearman": {
    "ft_mean": 0.15708631609852067,
    "ft_CI": [
      0.14219432701278392,
      0.1714489008542835
    ],
    "base_mean": 0.10567546189404467,
    "base_CI": [
      0.09075865550498746,
      0.12218752290777324
    ],
    "delta": 0.051410854204476
  },
  "Entropy": {
    "ft_mean": 3.46276985818758,
    "ft_CI": [
      3.4246104404715507,
      3.5026688849694807
    ],
    "base_mean": 2.5378737337189228,
    "base_CI": [
      2.5069045914781607,
      2.570638461109808
    ],
    "delta": 0.9248961244686571
  },
  "Jaccard_all": {
    "ft_mean": 0.15804140027671332,
    "ft_CI": [
      0.15534234602041047,
      0.16066653119377494
    ],
    "base_mean": 0.06909511056829747,
    "base_CI": [
      0.06741390875354189,
      0.07080086540730346
    ],
    "delta": 0.08894628970841585
  },
  "Human-only macro means": {
    "Entropy (human)": {
      "mean": 5.6248643205998725,
      "CI": [
        5.587686117759334,
        5.661559391107502
      ]
    }
  }
}