{
  "Hit@3 (row-level)": {
    "ft": 0.9930200222469411,
    "base": 0.9792130144605117,
    "delta": 0.013807007786429404
  },
  "P@10": {
    "ft_mean": 0.5590704839592492,
    "ft_CI": [
      0.5494853739604851,
      0.5689908981761039
    ],
    "base_mean": 0.4423336334904744,
    "base_CI": [
      0.4283400427282518,
      0.4554438794427671
    ],
    "delta": 0.1167368504687748
  },
  "R@10": {
    "ft_mean": 0.5573971078976641,
    "ft_CI": [
      0.5479421579532815,
      0.5675194660734149
    ],
    "base_mean": 0.35461624026696326,
    "base_CI": [
      0.3448275862068966,
      0.3647385984427141
    ],
    "delta": 0.2027808676307008
  },
  "F1@10": {
    "ft_mean": 0.5580389295229831,
    "ft_CI": [
      0.5487875145521003,
      0.5675844833571857
    ],
    "base_mean": 0.38504288831070915,
    "base_CI": [
      0.3747824066214448,
      0.3957568260578119
    ],
    "delta": 0.1729960412122739
  },
  "Jaccard@10": {
    "ft_mean": 0.4011766519457814,
    "ft_CI": [
      0.3921994893774759,
      0.41091214519384295
    ],
    "base_mean": 0.2507572337907127,
    "base_CI": [
      0.2426537019344452,
      0.2590624498172337
    ],
    "delta": 0.1504194181550687
  },
  "Cosine": {
    "ft_mean": 0.754315344074156,
    "ft_CI": [
      0.7445806545843924,
      0.7641228564824576
    ],
    "base_mean": 0.5113361842723299,
    "base_CI": [
      0.4959311950893625,
      0.5257837992449181
    ],
    "delta": 0.24297915980182616
  },
  "JSD (lower better)": {
    "ft_mean": 0.41550055758653603,
    "ft_CI": [
      0.4087082842093668,
      0.4223963094697658
    ],
    "base_mean": 0.618643023514187,
    "base_CI": [
      0.6093323761291836,
      0.6279383272399285
    ],
    "delta": -0.20314246592765095
  },
  "Spearman": {
    "ft_mean": 0.17055681403277373,
    "ft_CI": [
      0.15582547425306437,
      0.1855023577242569
    ],
    "base_mean": 0.11772172698899064,
    "base_CI": [
      0.10215557379791589,
      0.1336317479826771
    ],
    "delta": 0.05283508704378309
  },
  "Entropy": {
    "ft_mean": 3.4248549954968888,
    "ft_CI": [
      3.3846369927586215,
      3.4634366284671243
    ],
    "base_mean": 2.5214277288833618,
    "base_CI": [
      2.489969348377958,
      2.552293480188983
    ],
    "delta": 0.903427266613527
  },
  "Jaccard_all": {
    "ft_mean": 0.15647303180356129,
    "ft_CI": [
      0.1538371585071911,
      0.15908244925675316
    ],
    "base_mean": 0.06994475040339888,
    "base_CI": [
      0.06822263742695608,
      0.07178339418781371
    ],
    "delta": 0.0865282814001624
  },
  "Human-only macro means": {
    "Entropy (human)": {
      "mean": 5.600346419936685,
      "CI": [
        5.5640535398823205,
        5.6345668398061886
      ]
    }
  }
}